-- MySQL dump 10.13  Distrib 8.0.26, for Win64 (x86_64)
--
-- Host: localhost    Database: quanlythuvien
-- ------------------------------------------------------
-- Server version	8.0.26

/*!40101 SET @OLD_CHARACTER_SET_CLIENT=@@CHARACTER_SET_CLIENT */;
/*!40101 SET @OLD_CHARACTER_SET_RESULTS=@@CHARACTER_SET_RESULTS */;
/*!40101 SET @OLD_COLLATION_CONNECTION=@@COLLATION_CONNECTION */;
/*!50503 SET NAMES utf8 */;
/*!40103 SET @OLD_TIME_ZONE=@@TIME_ZONE */;
/*!40103 SET TIME_ZONE='+00:00' */;
/*!40014 SET @OLD_UNIQUE_CHECKS=@@UNIQUE_CHECKS, UNIQUE_CHECKS=0 */;
/*!40014 SET @OLD_FOREIGN_KEY_CHECKS=@@FOREIGN_KEY_CHECKS, FOREIGN_KEY_CHECKS=0 */;
/*!40101 SET @OLD_SQL_MODE=@@SQL_MODE, SQL_MODE='NO_AUTO_VALUE_ON_ZERO' */;
/*!40111 SET @OLD_SQL_NOTES=@@SQL_NOTES, SQL_NOTES=0 */;

--
-- Table structure for table `book`
--

DROP TABLE IF EXISTS `book`;
/*!40101 SET @saved_cs_client     = @@character_set_client */;
/*!50503 SET character_set_client = utf8mb4 */;
CREATE TABLE `book` (
  `id` int NOT NULL AUTO_INCREMENT,
  `titke` varchar(255) NOT NULL,
  `author` varchar(255) NOT NULL,
  `publish_year` timestamp NOT NULL,
  `category_id` int DEFAULT NULL,
  PRIMARY KEY (`id`),
  KEY `fk_book_category` (`category_id`),
  CONSTRAINT `fk_book_category` FOREIGN KEY (`category_id`) REFERENCES `category` (`id`)
) ENGINE=InnoDB AUTO_INCREMENT=107 DEFAULT CHARSET=utf8mb4 COLLATE=utf8mb4_0900_ai_ci;
/*!40101 SET character_set_client = @saved_cs_client */;

--
-- Dumping data for table `book`
--

LOCK TABLES `book` WRITE;
/*!40000 ALTER TABLE `book` DISABLE KEYS */;
INSERT INTO `book` VALUES (101,'title101','author101','2021-01-09 17:00:00',1),(102,'title102','author102','2021-01-09 17:00:00',2),(103,'title103','author103','2021-01-09 17:00:00',3),(104,'title104','author104','2021-01-09 17:00:00',4),(105,'title105','author105','2021-01-09 17:00:00',2),(106,'title106','author106','2021-01-09 17:00:00',1);
/*!40000 ALTER TABLE `book` ENABLE KEYS */;
UNLOCK TABLES;

--
-- Table structure for table `category`
--

DROP TABLE IF EXISTS `category`;
/*!40101 SET @saved_cs_client     = @@character_set_client */;
/*!50503 SET character_set_client = utf8mb4 */;
CREATE TABLE `category` (
  `id` int NOT NULL,
  `name` varchar(255) NOT NULL,
  PRIMARY KEY (`id`)
) ENGINE=InnoDB DEFAULT CHARSET=utf8mb4 COLLATE=utf8mb4_0900_ai_ci;
/*!40101 SET character_set_client = @saved_cs_client */;

--
-- Dumping data for table `category`
--

LOCK TABLES `category` WRITE;
/*!40000 ALTER TABLE `category` DISABLE KEYS */;
INSERT INTO `category` VALUES (1,'khoa hoc'),(2,'truyen cuoi'),(3,'tieu thuyet'),(4,'giao duc');
/*!40000 ALTER TABLE `category` ENABLE KEYS */;
UNLOCK TABLES;

--
-- Table structure for table `user`
--

DROP TABLE IF EXISTS `user`;
/*!40101 SET @saved_cs_client     = @@character_set_client */;
/*!50503 SET character_set_client = utf8mb4 */;
CREATE TABLE `user` (
  `id` int NOT NULL,
  `email` varchar(255) NOT NULL,
  `password` varchar(255) NOT NULL,
  `name` varchar(255) NOT NULL,
  `role` varchar(255) NOT NULL,
  PRIMARY KEY (`id`)
) ENGINE=InnoDB DEFAULT CHARSET=utf8mb4 COLLATE=utf8mb4_0900_ai_ci;
/*!40101 SET character_set_client = @saved_cs_client */;

--
-- Dumping data for table `user`
--

LOCK TABLES `user` WRITE;
/*!40000 ALTER TABLE `user` DISABLE KEYS */;
INSERT INTO `user` VALUES (1,'accout1.com','11','name1','admin'),(2,'accout2.com','22','name2','user'),(3,'accout3.com','33','name3','user'),(4,'accout4.com','44','name4','user'),(5,'accout5.com','55','name5','user');
/*!40000 ALTER TABLE `user` ENABLE KEYS */;
UNLOCK TABLES;

--
-- Table structure for table `user_book`
--

DROP TABLE IF EXISTS `user_book`;
/*!40101 SET @saved_cs_client     = @@character_set_client */;
/*!50503 SET character_set_client = utf8mb4 */;
CREATE TABLE `user_book` (
  `user_id` int NOT NULL,
  `book_id` int NOT NULL,
  `borrow_date` timestamp NOT NULL,
  `return_date` timestamp NOT NULL,
  PRIMARY KEY (`user_id`),
  KEY `fk_user_book2` (`book_id`),
  CONSTRAINT `fk_user_book1` FOREIGN KEY (`user_id`) REFERENCES `user` (`id`),
  CONSTRAINT `fk_user_book2` FOREIGN KEY (`book_id`) REFERENCES `book` (`id`)
) ENGINE=InnoDB DEFAULT CHARSET=utf8mb4 COLLATE=utf8mb4_0900_ai_ci;
/*!40101 SET character_set_client = @saved_cs_client */;

--
-- Dumping data for table `user_book`
--

LOCK TABLES `user_book` WRITE;
/*!40000 ALTER TABLE `user_book` DISABLE KEYS */;
INSERT INTO `user_book` VALUES (1,101,'2021-12-11 17:00:00','2021-12-29 17:00:00'),(2,105,'2021-11-30 17:00:00','2021-12-29 17:00:00'),(3,102,'2021-12-01 17:00:00','2021-12-29 17:00:00'),(4,101,'2021-12-02 17:00:00','2021-12-29 17:00:00'),(5,104,'2021-12-03 17:00:00','2021-12-29 17:00:00');
/*!40000 ALTER TABLE `user_book` ENABLE KEYS */;
UNLOCK TABLES;
/*!40103 SET TIME_ZONE=@OLD_TIME_ZONE */;

/*!40101 SET SQL_MODE=@OLD_SQL_MODE */;
/*!40014 SET FOREIGN_KEY_CHECKS=@OLD_FOREIGN_KEY_CHECKS */;
/*!40014 SET UNIQUE_CHECKS=@OLD_UNIQUE_CHECKS */;
/*!40101 SET CHARACTER_SET_CLIENT=@OLD_CHARACTER_SET_CLIENT */;
/*!40101 SET CHARACTER_SET_RESULTS=@OLD_CHARACTER_SET_RESULTS */;
/*!40101 SET COLLATION_CONNECTION=@OLD_COLLATION_CONNECTION */;
/*!40111 SET SQL_NOTES=@OLD_SQL_NOTES */;

-- Dump completed on 2021-08-09 16:19:34